ImageNumber,ObjectNumber,AreaShape_Area,AreaShape_Center_X,AreaShape_Center_Y,AreaShape_Compactness,AreaShape_Eccentricity,AreaShape_EulerNumber,AreaShape_Extent,AreaShape_FormFactor,AreaShape_MajorAxisLength,AreaShape_MaxFeretDiameter,AreaShape_MaximumRadius,AreaShape_MeanRadius,AreaShape_MedianRadius,AreaShape_MinFeretDiameter,AreaShape_MinorAxisLength,AreaShape_Orientation,AreaShape_Perimeter,AreaShape_Solidity,Correlation_Correlation_DNA_DUTP,Location_Center_X,Location_Center_Y,Number_Object_Number
1,159,39,37,912,2.394472042,0.976215811,1,0.928571429,0.494418444,15.14325928,13.03840481,2,1.277651978,1,2,3.283074373,0.684933724,31.484,0.987341772,-0.323083902,34.66666667,912.025641,159
1,22,10,45,157,1.715309589,0.953111763,1,0.833333333,0.528906805,6.42303833,5.099019514,1,1,1,1,1.943730347,6.021287571,15.414,1,-0.184609245,45.9,156.4,22
1,110,17,49,681,1.363296466,0.906166092,1,0.80952381,0.654248115,7.172339877,6.08276253,2,1.166378066,1,2,3.033340289,6.371760679,18.07,0.971428571,-0.07240804,49.05882353,681.1176471,110
1,160,24,57,913,1.845322074,0.95538469,1,0.8,0.566664383,10.27225561,9.055385138,2,1.159517797,1,2,3.034058005,2.672722686,23.07,0.905660377,0.092211124,56.41666667,912.8333333,160
1,79,14,61,498,2.019595277,0.969986048,1,0.875,0.717755079,8.335643931,7.071067812,1,1,1,1,2.026899999,3.562508174,15.656,1,0.769737689,57.5,497.5,79
1,23,2,62,157,0.785398163,0.998966408,1,1,0.698131701,2.09,1,1,1,1,0,0.095,0,6,1,0,61.5,157,23
1,29,50,59,225,3.001703816,0.984514132,1,0.657894737,0.398134848,19.31603621,18.02775638,2,1.233137085,1,3,3.386202153,2.806449858,39.726,0.840336134,-0.130279935,61.74,225.16,29
1,43,250,76,307,5.869310584,0.994814902,1,0.637755102,0.212623549,60.76487518,55.14526272,4,1.735314785,2,6,6.179913376,2.031132989,121.554,0.796178344,0.307568132,62.604,306.644,43
1,14,8,73,68,0.957204012,0.605068787,1,0.888888889,0.857439244,3.550441361,2.828427125,1.414213562,1.051776695,1,2,2.826766256,-45,10.828,1.142857143,-0.143408183,73.125,68.125,14
1,88,39,102,559,2.751429079,0.981192064,1,0.8125,0.430868554,16.29922163,15,2,1.200728901,1,2,3.146304327,0.937852407,33.726,0.906976744,-0.001774936,99.84615385,559.025641,88
1,92,44,113,579,1.873729296,0.956459208,1,0.785714286,0.579164325,13.98724189,13.03840481,2,1.333110324,1,3,4.082400847,2.546752849,30.898,0.897959184,0.029222093,110.8863636,578.5454545,92
1,90,4,122,559,0.785398163,0,1,1,0.785398163,2.09,1.414213562,1,1,1,1,2.09,0,8,1,0.857858029,122.5,559.5,90
1,24,72,129,172,3.180966931,0.986181382,1,0.818181818,0.369498572,23.87327935,21.09502311,2,1.364481121,1,3,3.955066906,3.087801506,49.484,0.911392405,-0.13179429,127.4583333,171.6388889,24
1,85,14,133,527,0.97316099,0.201411096,1,0.875,0.943389164,4.293312161,3.605551275,2,1.202030509,1,3,4.205328454,90,13.656,0.933333333,0.506787114,133.2857143,526.5,85
1,91,12,140,561,1.912589972,0.96415157,1,0.857142857,0.497272027,7.482718733,6.08276253,1,1,1,1,1.985555322,4.363638848,17.414,1,-0.594774756,137.4166667,560.4166667,91
1,94,12,146,580,1.250819297,0.863190318,1,0.666666667,0.850950881,5.618904869,5,1.414213562,1.069035594,1,2,2.836865241,0,13.312,0.923076923,-0.218932502,145.5,580.1666667,94
1,93,602,142,590,6.846303032,0.990608591,1,0.343803541,0.126234026,101.3541636,102.2399139,5,2.017088061,2,15.04260346,13.85797899,-5.410664414,244.802,0.543812105,0.230674893,150.1196013,587.0880399,93
1,95,16,155,581,1.698116732,0.941528272,1,0.666666667,0.704140355,7.976649431,7.071067812,1.414213562,1.051776695,1,2,2.68760432,6.355094546,16.898,0.888888889,-0.229088127,153.625,580.6875,95
1,99,50,164,609,1.458302177,0.916238147,1,0.833333333,0.650874657,12.73189903,11.18033989,3,1.495716889,1,4,5.100832537,-0.390259313,31.07,0.909090909,-0.134199533,163.64,608.84,99
1,60,21,179,387,2.217195722,0.969226493,1,0.7,0.514117855,10.65815969,9.055385138,1.414213562,1.039448911,1,2,2.623726436,2.342628636,22.656,1.024390244,-0.077555829,180.6190476,387.3333333,60
1,153,271,228,906,13.34586779,0.999041399,1,0.557613169,0.117212776,95.73578384,80.0249961,2.828427125,1.383498081,1,4.049437617,4.190868924,1.101531419,170.452,0.747586207,0.111597681,195.8191882,905.2103321,153
1,6,165,202,20,1.254705441,0.86475261,1,0.75,0.748731485,20.58113298,19.6468827,5,2.435376708,2.236067978,9.674709298,10.33580571,9.221277477,52.624,0.921787709,0.259598652,200.6424242,20.27272727,6
1,102,12,227,638,1.658062789,0.95315121,1,1,0.589048623,6.909222259,5.099019514,1,1,1,1,2.09,0,16,1,-0.618347802,224.5,637.5,102
1,117,10,229,740,1.413716694,0.931298592,1,1,0.641141358,5.737712114,4.123105626,1,1,1,1,2.09,0,14,1,0.111019815,227,740.5,117
1,156,1,240,906,0,0,1,1,0.785398163,0.095,0,1,1,1,0,0.095,0,4,1,0,240,906,156
1,25,138,242,191,2.460170229,0.976227622,1,0.851851852,0.47026169,28.7742616,26.17250466,3,1.771791259,2,5,6.236759272,1.161893886,60.726,0.926174497,0.21661506,240.3913043,191.4275362,25
1,155,16,248,906,1.428136114,0.908081307,1,0.761904762,0.778570767,7.13289889,6.08276253,2,1.114276695,1,2,2.987214617,-1.558708221,16.07,0.96969697,-0.454944191,247.375,906.1875,155
1,131,5,253,790,1.005309649,0.807436681,1,0.833333333,1.025364399,3.18564071,2.236067978,1,1,1,1,1.879382246,71.56505118,7.828,1,-0.119333566,253.6,790.8,131
1,86,7,270,533,0.952552875,0.372367904,1,0.777777778,0.774674892,3.111156495,2.236067978,1.414213562,1.059173366,1,2,2.887418307,0,10.656,0.933333333,0.707526617,270,532.7142857,86
1,154,203,275,908,2.921980436,0.982823297,1,0.634375,0.317583007,38.23263318,39.05124838,4,1.883116335,2,7,7.055797717,2.270982953,89.624,0.875,0.329008522,278.3497537,907.4384236,154
1,67,95,273,426,3.947734764,0.991094527,1,0.791666667,0.292387592,30.66206208,29.06888371,2,1.354282676,1,3,4.082966393,2.679867562,63.898,0.95959596,-0.188545921,283.5473684,426.6736842,67
1,57,92,305,386,2.798235129,0.97901713,1,0.638888889,0.396940163,25.13526716,23.02172887,3,1.50621401,1,5,5.122013661,1.987028383,53.968,0.840182648,-0.182388915,308.25,385.673913,57
1,41,52,315,303,2.210116509,0.970574582,1,0.8125,0.495578969,16.70150784,15.13274595,2,1.358785659,1,3,4.021734936,4.795595476,36.312,0.928571429,0.280755334,311.5576923,303.3846154,41
1,145,119,311,881,1.822578211,0.952616621,1,0.772727273,0.562641926,22.5410112,21.09502311,4,1.845802946,2,6,6.856380288,3.173946684,51.554,0.9296875,0.267361035,313.6890756,881.3865546,145
1,63,2,318,413,0.785398163,0.998966408,1,1,0.698131701,2.09,1,1,1,1,0,0.095,0,6,1,0,317.5,413,63
1,64,5,331,414,1.005309649,0.807436681,1,0.833333333,1.025364399,3.18564071,2.236067978,1,1,1,1,1.879382246,18.43494882,7.828,1,0,330.8,413.6,64
1,65,3,340,414,1.396263402,0.999598502,1,1,0.589048623,3.352821358,2,1,1,1,0,0.095,0,8,1,0,341,414,65
1,103,24,366,651,3.250675732,0.989043983,1,0.923076923,0.458187474,14.01541703,12.04159458,1,1,1,1,2.068971805,1.201304734,25.656,1,-0.119462768,368,650.5,103
1,69,16,372,434,2.914563497,0.98457414,1,0.8,0.366757175,10.81537993,9.055385138,1,1,1,1,1.892344246,3.839481904,23.414,1,-0.273572879,375.75,433.625,69
1,12,1,376,41,0,0,1,1,0.785398163,0.095,0,1,1,1,0,0.095,0,4,1,0,376,41,12
1,104,7,386,651,1.575375908,0.930207453,1,0.7,0.696018434,5.076442548,4,1,1,1,1,1.863227966,4.307824092,11.242,1,0,384.1428571,651.2857143,104
1,70,3,387,434,1.396263402,0.999598502,1,1,0.589048623,3.352821358,2,1,1,1,0,0.095,0,8,1,0,388,434,70
1,71,5,394,434,1.005309649,0.807436681,1,0.833333333,1.025364399,3.18564071,2.236067978,1,1,1,1,1.879382246,18.43494882,7.828,1,0,394.2,434.4,71
1,87,44,412,552,1.012800731,0.439316984,1,0.785714286,0.862997657,8.004622903,7.280109889,3.16227766,1.622976429,1.414213562,6,7.190809815,-20.13743709,25.312,0.916666667,-0.162249643,412.4545455,552.2954545,87
1,80,133,421,505,2.745505289,0.981069637,1,0.764367816,0.391810021,29.97165293,28.0713377,3,1.685394551,2,5,5.804168893,0.790244138,65.312,0.89261745,0.393986319,420.0451128,505.8195489,80
1,37,67,441,279,1.805509898,0.951597122,1,0.8375,0.568491865,16.84814157,15.13274595,3,1.555224747,1.414213562,4,5.178246011,2.159784048,38.484,0.917808219,-0.075249732,441.3731343,279.1044776,37
1,1,50,460,8,1.400597403,0.888768247,1,0.694444444,0.647951727,12.22362011,11.18033989,3,1.517006791,1.207106781,5,5.602780027,0.218729637,31.14,0.884955752,0.336333892,461.6,8.12,1
1,3,2,474,8,0.785398163,0.998966408,1,1,0.698131701,2.09,1,1,1,1,0,0.095,0,6,1,-1,473.5,8,3
1,118,72,477,745,2.78119765,0.979767729,1,0.685714286,0.393223205,22.19651207,20.02498439,2.828427125,1.395037482,1,4,4.442364334,-1.349458381,47.968,0.813559322,-0.143966351,474,745.0694444,118
1,98,81,471,604,2.736769905,0.978839091,1,0.736363636,0.418590771,23.32837948,21.09502311,3,1.489065081,1,4,4.77372029,1.372808525,49.312,0.870967742,-0.072138076,475.3703704,603.962963,98
1,40,158,470,303,5.592416154,0.995418992,1,0.612403101,0.224036388,47.20462548,42.10700654,2.828427125,1.426852523,1,4.064409288,4.51317478,2.232760994,94.14,0.812339332,-0.046888683,483.7088608,303.5632911,40
1,51,115,497,337,2.375594541,0.970965472,1,0.68452381,0.449100339,25.69913087,23.19482701,3.605551275,1.680315974,1.414213562,6,6.14773773,2.833430367,56.726,0.851851852,0.076764334,501.5304348,337.2173913,51
1,146,194,545,881,8.153571664,0.997846122,1,0.557471264,0.16122314,63.27284398,57.07889277,2,1.380040835,1,3.589354658,4.150581697,2.769172014,122.968,0.818565401,-0.018075894,523.1752577,880.4278351,146
1,135,142,520,810,5.814335228,0.995727007,1,0.577235772,0.228439162,45.64703278,40.11234224,2.236067978,1.384607546,1,4.036771873,4.215306757,2.531815355,88.382,0.782369146,-0.149477211,529.4014085,810.5422535,135
1,48,138,533,317,5.812535501,0.99594776,1,0.673170732,0.222356336,45.0036378,40.04996879,2,1.384572955,1,3.614951356,4.0473408,2.174637657,88.312,0.849230769,-0.049392147,544.8115942,317.5289855,48
1,13,10,553,58,1.011592834,0.676523346,1,0.833333333,0.92493409,4.183533356,3.16227766,1.414213562,1.082842712,1,2,3.080842595,90,11.656,1,0.030184249,553.2,58.5,13
1,55,45,583,359,1.23767546,0.863635257,1,0.9,0.843121035,10.72155453,9.219544457,3,1.567772811,1.414213562,4,5.404919962,1.712888138,25.898,0.947368421,-0.158854279,581.5777778,358.9555556,55
1,74,90,586,461,3.082268697,0.98567239,1,0.9375,0.384397881,26.25038601,23.08679276,2,1.436029341,1,3,4.42768144,0.491544518,54.242,0.967741935,0.028274946,583.7444444,460.5333333,74
1,109,16,588,671,1.395922517,0.907074718,1,0.761904762,0.690021788,7.047903269,6.08276253,2,1.114276695,1,2,2.966953447,3.474327184,17.07,0.888888889,-0.269487588,587.8125,670.8125,109
1,44,613,601,308,14.95528856,0.999129415,1,0.434751773,0.086740181,152.3753042,140.1748908,4,1.751809461,2,7.432982629,6.356829437,2.280310154,298.006,0.766729206,0.208242461,588.6264274,308.1566069,44
1,147,85,616,885,2.299750691,0.972168764,1,0.85,0.520238305,21.77958588,19.23538406,3,1.5552948,1.414213562,4,5.102557479,3.683802457,45.312,0.934065934,-0.034273875,611.6705882,884.8352941,147
1,31,31,627,239,4.116940593,0.993238515,1,0.96875,0.340423015,17.96700323,15.03329638,1,1,1,1,2.085817648,0.361088731,33.828,1,-0.394378356,624.2580645,238.516129,31
1,141,392,633,846,2.542597962,0.977953927,1,0.774703557,0.450021529,49.30221955,45.27692569,5.385164807,2.583352061,2.236067978,10,10.29532775,1.356367842,104.624,0.907407407,0.292232348,631.2908163,846.0153061,141
1,68,1602,587,430,11.53898366,0.998810226,1,0.510841837,0.116400009,216.2627984,195.0410213,6,2.576318289,2.236067978,11.69350541,10.54629516,1.885382755,415.872,0.740638003,0.433752032,640.159176,431.7047441,68
1,124,85,652,769,3.312774603,0.986441697,1,0.708333333,0.364411679,26.46587463,23.08679276,2,1.380161276,1,3.875653449,4.34336995,2.190246905,54.14,0.841584158,-0.029695755,652.6352941,769.2941176,124
1,45,18,662,311,1.40165022,0.908763033,1,0.857142857,0.679731609,7.493180104,6.08276253,2,1.15713484,1,2,3.126997973,2.600012919,18.242,0.923076923,0.216719265,662.1111111,310.8333333,45
1,84,1,663,521,0,0,1,1,0.785398163,0.095,0,1,1,1,0,0.095,0,4,1,0,663,521,84
1,17,63,666,127,1.103119953,0.738036583,1,0.65625,0.703172395,11.10918788,11.18033989,3.605551275,1.761509617,1.414213562,7,7.496043384,3.149498507,33.554,0.868965517,0.638953433,666.5873016,126.5555556,17
1,111,26,665,688,2.376928716,0.97385079,1,0.722222222,0.397879969,12.31317764,11.04536102,2,1.108785659,1,2,2.797412999,3.123392817,28.656,0.962962963,0.440819617,666.7307692,688.2307692,111
1,49,24,673,326,1.003109807,0.580925671,1,0.8,1.078045077,6.160938134,5.385164807,2.828427125,1.380648455,1,4,5.014736323,19.604884,16.726,0.905660377,0.024935519,672.6666667,325.875,49
1,36,54,676,279,2.348852456,0.972228175,1,0.635294118,0.470725995,17.56635024,16.1245155,2,1.342320025,1,3.676955262,4.111140594,8.736230893,37.968,0.864,0.049380861,674.2037037,277.8888889,36
1,46,56,685,312,2.552651365,0.973193711,1,0.622222222,0.400877154,18.65813592,17.11724277,2.828427125,1.317604365,1,4,4.291127912,2.706461263,41.898,0.817518248,-0.297658452,681.5892857,311.75,46
1,152,29,713,902,2.597877758,0.978590881,1,0.743589744,0.398461939,13.64234185,12.04159458,2,1.132014728,1,2,2.807800989,3.722870537,30.242,0.966666667,0.103598872,714.0344828,902.2068966,152
1,4,140,719,13,3.124941297,0.984870931,1,0.777777778,0.381613681,32.91335777,29.15475947,3,1.675051384,2,5,5.70353916,2.623665333,67.898,0.918032787,0.272297339,722.1142857,12.97142857,4
1,59,782,733,390,7.987718412,0.997719083,1,0.685964912,0.166080277,125.620219,113.039816,5,2.215474082,2,9,8.479719321,1.162243603,243.248,0.84677856,0.308862934,760.5920716,390.1585678,59
1,101,128,787,635,3.620715973,0.988755965,1,0.666666667,0.336481416,33.99760975,31.06444913,3,1.526008189,1.207106781,4.44995077,5.083937803,1.833157971,69.14,0.839344262,0.097356933,783.4921875,634.5703125,101
1,15,5,794,80,1.005309649,0,1,0.555555556,0.491022141,2.618497573,2,1.414213562,1.082842712,1,1.414213562,2.618497573,0,11.312,1.111111111,0,794,80,15
1,27,17,795,218,1.73929005,0.943963514,1,0.708333333,0.6137927,8.33315515,7.071067812,1.414213562,1.048731007,1,2,2.750356354,-0.103796248,18.656,1.03030303,0,794.8235294,218.2941176,27
1,75,4,801,466,1.963495408,0.999782577,1,1,0.502654825,4.555955615,3,1,1,1,0,0.095,0,10,1,0,802.5,466,75
1,66,18,800,417,3.273031029,0.985887235,1,0.818181818,0.447440422,12.15777648,10,1,1,1,1,2.035342537,-0.655489165,22.484,0.9,0,803.8333333,416.3888889,66
1,150,41,816,899,1.023601002,0.438543753,1,0.732142857,0.778483102,7.769502657,7.211102551,3,1.587473354,1.414213562,6,6.982528491,-68.60515946,25.726,0.891304348,-0.265610747,815.4390244,899.3902439,150
1,47,36,878,317,1.54588229,0.929983072,1,0.818181818,0.683546138,11.25982439,10.04987562,2,1.351579285,1,3,4.139137884,4.213484511,25.726,0.923076923,-0.069043283,875.3888889,316.3611111,47
1,16,54,889,115,1.642221552,0.934107372,1,0.771428571,0.521568482,14.23143066,13.03840481,3,1.480692914,1,4,5.080509468,3.192206205,36.07,0.915254237,0.222052043,891,115.1851852,16
1,62,28,905,410,1.237345576,0.863984349,1,0.875,0.79257218,8.482212862,7.280109889,2,1.33009431,1,3,4.270952484,-0.527809257,21.07,0.933333333,0.1299827,902.7142857,410.3928571,62
1,120,4,946,752,1.079922475,0.780625259,1,0.666666667,1.134601174,2.916356057,2,1,1,1,1,1.822720681,0,6.656,1.333333333,-0.849643585,945,752.25,120
1,28,19,964,217,3.534119976,0.989536864,1,0.791666667,0.317701048,13.01625198,11.04536102,1,1,1,1,1.877988296,3.246762656,27.414,1,0.07512649,970.4210526,217.3684211,28
1,76,107,984,480,4.117942297,0.992026046,1,0.862903226,0.293752118,33.25591092,30.06659276,2,1.398662189,1,3,4.191343059,1.518106833,67.656,0.942731278,-0.15803796,972.7570093,480.3364486,76
1,77,7,993,480,1.575375908,0.930207453,1,0.7,0.696018434,5.076442548,4,1,1,1,1,1.863227966,-4.307824092,11.242,1,0.139692384,992.1428571,480.7142857,77
1,125,1611,1003,791,3.223310169,0.985748664,1,0.667080745,0.272853458,113.2233577,114.0394669,10,4.089398271,4,19.49571129,19.04697263,1.854099125,272.388,0.853736089,0.234750351,993.0117939,790.6846679,125
1,30,3,993,230,1.396263402,0.999598502,1,1,0.589048623,3.352821358,2,1,1,1,0,0.095,0,8,1,0.767152772,994,230,30
1,162,40,999,945,2.000212773,0.960132722,1,0.769230769,0.520699726,13.8249665,12.04159458,2,1.291421356,1,3,3.864694043,-1.423362602,31.07,0.879120879,0.150669978,1000.625,944.275,162
1,56,75,1015,362,5.92644187,0.995903267,1,0.625,0.218636309,33.52539824,29.06888371,2,1.168758057,1,2.627941656,3.031534481,2.024878627,65.656,0.793650794,0.047551739,1016.56,362.2266667,56
1,144,29,1018,860,1.037193163,0.690455979,1,0.828571429,1.039244713,7.180777871,6.32455532,2.828427125,1.447034139,1,4,5.194390978,9.968582888,18.726,0.920634921,-0.12843927,1018.172414,859.8965517,144
1,38,2,1026,297,0.785398163,0.998966408,1,1,0.698131701,2.09,1,1,1,1,0,0.095,0,6,1,0,1025.5,297,38
1,161,59,1060,940,2.304274134,0.969792303,1,0.694117647,0.422352716,18.14262331,16.1245155,2.236067978,1.34528188,1,4,4.425568969,2.649227696,41.898,0.830985915,-0.042628721,1057.762712,939.9661017,161
1,82,10,1065,505,3.392920066,0.978882671,1,0.416666667,0.272257327,9.193599892,7,1.414213562,1.041421356,1,1.972787848,1.879382246,0,21.484,0.833333333,0.175573923,1063,505,82
1,81,36,1075,505,1.132174616,0.807368583,1,0.8,0.803643271,8.864270463,8.062257748,3,1.505557167,1.207106781,4,5.230340016,2.706299502,23.726,0.935064935,0.35097686,1075.305556,505.0555556,81
1,139,395,1097,835,6.416606158,0.996286436,1,0.601217656,0.201278528,79.94417994,72.02777242,4,1.883692305,2,7.138306102,6.883253466,2.246205017,157.038,0.806945863,0.241645439,1077.731646,833.2329114,139
1,149,244,1092,897,2.625168301,0.978454625,1,0.824324324,0.45828491,39.56395452,36.12478374,4,2.156127043,2,7,8.168452197,2.592988885,81.796,0.947572816,0.340483166,1102.405738,896.9303279,149
1,89,112,1115,561,2.206763295,0.966951544,1,0.666666667,0.493899066,24.36086723,23.34523506,3,1.705807121,1.414213562,5.95366726,6.211051991,6.82806079,53.382,0.925619835,0.02651758,1119.803571,561.6339286,89
1,73,233,1124,460,1.008408232,0.34767912,1,0.761437908,0.916496358,17.89721684,17.4642492,8.062257748,3.151032539,2.828427125,16,16.78067359,16.87770808,56.522,0.937625755,0.174623615,1123.969957,459.5107296,73
1,140,5,1124,836,1.005309649,0.807436681,1,0.833333333,1.025364399,3.18564071,2.236067978,1,1,1,1,1.879382246,18.43494882,7.828,1,0,1124.2,835.4,140
1,33,26,1134,252,1.936862653,0.95708093,1,0.65,0.552766656,10.9622464,9.219544457,2,1.179109779,1,2.549509757,3.177086967,11.44756516,24.312,0.866666667,0,1132.346154,251.5,33
1,53,45,1139,346,2.727298893,0.982002784,1,0.9375,0.449114665,17.43674648,15.03329638,2,1.285076158,1,2,3.293216241,0.511708882,35.484,0.97826087,0.165235228,1144.333333,345.9777778,53
1,34,12,1151,272,1.658062789,0.95315121,1,1,0.589048623,6.909222259,5.099019514,1,1,1,1,2.09,0,16,1,0.324743399,1148.5,271.5,34
1,157,14,1167,909,1.367004967,0.89593295,1,0.666666667,0.64745962,6.478430578,6,2,1.130601937,1,2,2.877649646,3.67618968,16.484,0.875,0,1166.857143,908.9285714,157
1,158,20,1173,910,2.748893572,0.984472751,1,0.909090909,0.535899528,11.73292706,10.04987562,1,1,1,1,2.059568331,1.734114629,21.656,1,-0.31467187,1177,909.5,158
1,35,30,1182,274,2.861409131,0.981176658,1,0.535714286,0.370513649,14.58956278,13.03840481,2,1.108088023,1,2.356659957,2.81742424,4.823233895,31.898,0.769230769,0.032279135,1178.6,273.6666667,35
1,106,2,1238,658,0.785398163,0.998966408,1,1,0.698131701,2.09,1,1,1,1,0,0.095,0,6,1,0,1237.5,658,106
1,108,24,1283,668,2.104394385,0.955542698,1,0.6,0.397238925,10.96349655,9.055385138,1.414213562,1.086294492,1,2.959181772,3.232617262,4.745587233,27.554,0.75,-0.066604137,1285.291667,667.7916667,108
1,39,8,1295,298,0.957204012,0.605068787,1,0.888888889,0.857439244,3.550441361,2.828427125,1.414213562,1.051776695,1,2,2.826766256,45,10.828,1,0,1295.125,297.875,39
1,61,39,1300,387,2.945901815,0.976699134,1,0.696428571,0.406410528,16.79208726,13.15294644,2,1.232591482,1,3,3.603802641,-0.99941067,34.726,0.795918367,-0.411454952,1304.076923,387.1282051,61
1,8,16,1315,27,0.981747704,0.57236935,1,0.8,1.134601174,4.981732037,4.123105626,2,1.228553391,1,3,4.085,90,13.312,0.888888889,0.68102734,1315.5,27,8
1,20,13,1328,146,1.841771205,0.962670878,1,0.928571429,0.65208038,7.63048595,6.08276253,1,1,1,1,2.065379326,2.144576664,15.828,1,0,1330.769231,146.5384615,20
1,116,48,1327,733,2.00048139,0.961313306,1,0.64,0.522770591,15.15046961,14.14213562,2,1.343443362,1,3.726206568,4.173307539,-9.193333691,33.968,0.914285714,-0.162779857,1332.125,732.3125,116
1,112,18,1339,691,1.045042824,0.717765349,1,0.75,0.914630809,5.774155371,5.099019514,2,1.258714125,1,3,4.020458196,-12.23581027,15.726,0.923076923,0.527717096,1339.277778,691.3888889,112
1,21,5,1338,147,2.513274123,0.999862921,1,1,0.436332313,5.737712114,4,1,1,1,0,0.095,0,12,1,0,1340,147,21
1,58,5,1343,384,1.005309649,0,1,0.555555556,0.491022141,2.618497573,2,1.414213562,1.082842712,1,1.414213562,2.618497573,0,11.312,1.111111111,0.329446855,1343,384,58
1,121,85,1357,756,2.028728377,0.964222865,1,0.894736842,0.512428258,20.31709327,18.11077028,3,1.632774641,1.414213562,4,5.385917944,0.74975097,45.656,0.944444444,0.024510874,1353.152941,755.9529412,121
1,7,56,1362,23,1.416664799,0.908320189,1,0.717948718,0.706787807,13.19435616,12.16552506,3,1.552050619,1.414213562,5,5.518876563,5.951072427,31.554,0.888888889,0.227707665,1360.821429,22.85714286,7
1,129,39,1359,788,2.466710825,0.976778023,1,0.65,0.412134716,15.37623235,14.03566885,2,1.211349761,1,3,3.294416298,3.189375394,34.484,0.847826087,-0.075470777,1361.205128,788.0769231,129
1,19,235,1359,136,4.118543213,0.991776477,1,0.799319728,0.2710357,49.22563709,48.01041554,3,1.802432719,2,5,6.300000923,0.37706405,104.382,0.947580645,0.197492379,1363.651064,136.8382979,19
1,32,118,1382,249,6.098747008,0.995649627,1,0.776315789,0.212920939,42.62031894,37.01351105,2,1.313309854,1,3,3.971203099,1.230989629,83.452,0.828070175,0.071564603,1377.720339,248.5,32
1,130,130,1403,790,5.067061492,0.994041541,1,0.601851852,0.248132248,40.71729796,35.12833614,2.828427125,1.412417474,1,4.066548549,4.438262782,1.672958301,81.14,0.771513353,0.010814581,1390.269231,789.4076923,130
1,134,9,1401,800,0.930842268,0,1,1,0.785398163,3.352821358,2.828427125,2,1.111111111,1,2,3.352821358,0,12,1,0.204792286,1401,800,134
1,54,31,1412,357,1.310165725,0.891122182,1,0.861111111,0.81238642,9.35227926,8.062257748,2,1.343769492,1,3,4.243722389,1.997385743,21.898,0.925373134,-0.268645889,1413.096774,356.4516129,54
1,78,26,1439,496,1.627279217,0.932123171,1,0.65,0.592432764,9.849371901,9.055385138,2,1.179109779,1,3,3.566865339,4.336042853,23.484,0.8125,-0.023851954,1438.230769,495.4615385,78
1,119,103,1463,751,2.99378591,0.983987416,1,0.66025641,0.39074737,27.62662856,25.01999201,2.828427125,1.474901307,1,5,4.924113466,-0.682941535,57.554,0.820717131,-0.097300906,1464.07767,751.4563107,119
1,148,293,1458,893,2.815924849,0.982445078,1,0.72345679,0.384426934,45.05566572,44.04543109,5,2.195363132,2,8,8.405226885,2.344676403,97.866,0.909937888,0.236492219,1465.03413,893.5187713,148
1,137,171,1471,823,4.254826209,0.992390154,1,0.730769231,0.312165376,42.71922118,38.11823711,3,1.605682391,1.414213562,4.722849747,5.260153775,3.716388394,82.968,0.895287958,-0.088024554,1467.567251,822.5906433,137
1,126,31,1469,782,1.310165725,0.891122182,1,0.861111111,0.81238642,9.35227926,8.062257748,2,1.343769492,1,3,4.243722389,1.997385743,21.898,0.925373134,0.352334314,1468.903226,782.5483871,126
1,142,23,1470,855,1.134040843,0.817253043,1,0.821428571,0.902253743,7.15592561,6.08276253,2,1.289428446,1,3,4.123809512,3.702439028,17.898,0.901960784,0.187084663,1470.086957,854.4347826,142
1,114,55,1496,706,1.670052716,0.942047745,1,0.785714286,0.645337201,14.57732492,13.15294644,2.828427125,1.465714029,1,4,4.890383931,5.753135797,32.726,0.901639344,0.096155687,1496.327273,706.0363636,114
1,26,36,1503,208,1.079249122,0.712833917,1,0.75,0.844861764,8.231567545,7.615773106,3,1.498999723,1.207106781,5,5.773068967,-22.66118847,23.14,0.9,-0.457489593,1502.638889,208.3611111,26
1,97,1192,1472,592,10.21455553,0.998026455,1,0.559099437,0.083208696,175.3982618,163.1502375,5.099019514,2.137077643,2,11.6007355,11.01411083,1.459755808,424.286,0.718072289,0.313869606,1503.096477,591.8322148,97
1,127,186,1507,784,5.163006462,0.994883192,1,0.808695652,0.24438842,49.18131367,45.01110974,3,1.54163044,1.414213562,4,4.968879035,1.819695598,97.796,0.902912621,-0.055200518,1503.225806,783.8655914,127
1,143,308,1485,855,12.19048369,0.998973456,1,0.583333333,0.112537571,97.53600147,87.09190548,3,1.409832932,1,4.238859928,4.418319805,2.022201809,185.452,0.871287129,-0.209666515,1516.512987,855.9805195,143
1,115,87,1508,707,7.076790456,0.996979973,1,0.639705882,0.205730125,39.47979759,33.06055051,2,1.202952348,1,2.44694323,3.065964861,2.733278177,72.898,0.816901408,-0.068862183,1522.45977,707.5632184,115
1,5,37,1559,14,5.378782723,0.994635461,1,0.616666667,0.228895087,22.44003274,19.02629759,1,1,1,1.901250667,2.321247579,3.950874235,45.07,0.880952381,-0.021550804,1558.972973,12.97297297,5
1,136,42,1569,815,1.243695504,0.864770948,1,0.84,0.823770491,10.39483632,9.219544457,3,1.504763286,1.207106781,4,5.219938719,2.907186689,25.312,0.933333333,-0.065416197,1569.333333,815.1666667,136
1,52,23,1591,338,1.094793528,0.740333703,1,0.638888889,0.788957907,6.738316675,5.830951895,2.236067978,1.302496406,1,3.535533906,4.529762945,37.87932063,19.14,0.978723404,0.810871464,1590.26087,337.4782609,52
1,113,42,1593,698,1.140230894,0.802438121,1,0.777777778,0.863279493,9.571121529,8.544003745,3,1.544055704,1.414213562,5,5.711426424,10.2858147,24.726,0.903225806,-0.016639186,1592,697.7380952,113
1,107,11,1602,663,1.60502104,0.948539509,1,0.916666667,0.722909293,6.489721113,5.099019514,1,1,1,1,2.055027339,3.057751783,13.828,1,0,1599.727273,663.4545455,107
1,138,47,1638,824,2.396522333,0.974316026,1,0.734375,0.452200903,16.59155032,15,2,1.311847963,1,3,3.736168145,-0.631695569,36.14,0.886792453,0,1633.404255,824.1276596,138
1,100,20,1634,608,1.036725576,0.72563375,1,0.833333333,1.071953678,6.08,5.099019514,2,1.282842712,1,3,4.183533356,0,15.312,0.909090909,0.444142696,1634.5,608.5,100
1,151,26,1663,897,1.903616395,0.955519138,1,0.866666667,0.545027569,10.85407705,9.055385138,2,1.163178488,1,2,3.201183227,-1.297527825,24.484,0.945454545,0.021211757,1659.961538,897.0769231,151
1,105,21,1671,653,1.531954694,0.929310736,1,0.875,0.644054053,8.58372377,7.071067812,2,1.182306054,1,2,3.169958334,1.983959069,20.242,0.933333333,0,1671.619048,652.8571429,105
1,132,36,1673,794,1.443398065,0.916582837,1,0.9,0.7197865,10.76875761,9.219544457,2,1.36785113,1,3,4.305832247,3.145049074,25.07,0.947368421,0,1674.527778,794.5833333,132
1,42,1,1675,303,0,0,1,1,0.785398163,0.095,0,1,1,1,0,0.095,0,4,1,0,1675,303,42
1,96,74,1706,585,1.571261491,0.9288112,1,0.770833333,0.625608582,16.20912621,15.03329638,3,1.664290207,1.414213562,5,6.006345369,1.172975775,38.554,0.90797546,0.385401707,1705.783784,584.6486486,96
1,72,17,1719,443,1.718827815,0.944000996,1,0.708333333,0.6137927,8.284920145,7.071067812,1.414213562,1.048731007,1,2,2.733548094,2.207406624,18.656,0.971428571,-0.082025531,1719.705882,443.2941176,72
1,18,9,1744,134,0.999793547,0.687567076,1,0.75,0.857562943,3.971038992,3.16227766,1.414213562,1.092047458,1,2,2.883454283,20.30064732,11.484,0.947368421,0.883607305,1744.666667,134.1111111,18
1,123,36,1757,762,2.230008263,0.972217612,1,0.923076923,0.520402722,13.99782932,12.04159458,2,1.273011865,1,2,3.276595976,-0.80703996,29.484,0.98630137,-0.048454932,1752.833333,762.0277778,123
1,83,28,1753,520,1.938021488,0.961656224,1,0.848484848,0.607317387,11.4205956,10.04987562,2,1.208158112,1,2,3.132186706,3.409160026,24.07,0.949152542,-0.272718503,1754.428571,519.9642857,83
1,133,76,1760,799,4.913562096,0.993936701,1,0.655172414,0.24273269,30.67991566,28.01785145,2,1.23232703,1,3,3.373372761,1.700976189,62.726,0.808510638,-0.022082283,1761.763158,799.7763158,133
1,128,19,1767,783,1.714845152,0.941956732,1,0.703703704,0.517288922,8.727355624,8,2,1.148864586,1,2,2.930072553,2.855296569,21.484,0.88372093,-0.350399871,1765.473684,782.8947368,128
1,2,209,1773,10,2.56395652,0.978228249,1,0.878151261,0.455087351,36.1889331,33.06055051,4,2.062202244,2,6,7.510358415,1.86010838,75.968,0.956521739,0.074699801,1766.61244,9.832535885,2
1,9,10,1769,38,1.564513141,0.941461496,1,0.833333333,0.92493409,6.08,5,1,1,1,1,2.049692815,0,11.656,1,-0.48471795,1770.5,37.6,9
1,10,7,1776,38,3.590391604,0.999930793,1,1,0.343611696,8.075,6,1,1,1,0,0.095,0,16,1,-0.443241993,1779,38,10
1,50,235,1778,330,2.416481733,0.974486715,1,0.746031746,0.450454472,37.12214666,34.23448554,5,2.153709373,2,8,8.331887124,1.64581326,80.968,0.896946565,0.162236917,1781.714894,330.212766,50
1,122,322,1789,761,2.426808003,0.975271327,1,0.832041344,0.440931357,43.55883553,42.19004622,5,2.429379871,2,8,9.626979464,-1.184811913,95.796,0.937409025,0.143481176,1783.444099,760.8664596,122
1,11,48,1799,39,3.032055063,0.985784535,1,0.888888889,0.395152086,19.04545892,17.02938637,2,1.246425565,1,2,3.199911983,1.627617898,39.07,0.979591837,0.053084637,1797.541667,39.04166667,11
